{
    "accuracy": 0.5528846153846154,
    "precision": 0.944,
    "recall": 0.30256410256410254,
    "f1_score": 0.4582524271844659,
    "specificity": 0.9700854700854701,
    "auc_roc": 0.7876835415296954,
    "confusion_matrix": [
        [
            227,
            7
        ],
        [
            272,
            118
        ]
    ],
    "true_positives": 118,
    "true_negatives": 227,
    "false_positives": 7,
    "false_negatives": 272
}